{
    "info": 
    [
        {"name":"aaa","num":"0001"},
        {"name":"bbb","num":"0002"},
        {"name":"ccc","num":"0003"},
        {"name":"ddd","num":"0004"},
        {"name":"eee","num":"0005"},
        {"name":"fff","num":"0006"},
        {"name":"ggg","num":"0007"},
        {"name":"hhh","num":"0008"},
		{"name":"iii","num":"0009"},
		{"name":"jjj","num":"0010"},
		{"name":"kkk","num":"0011"},
		{"name":"lll","num":"0012"},
		{"name":"mmm","num":"0013"},
		{"name":"nnn","num":"0014"},
		{"name":"ooo","num":"0015"},
		{"name":"ppp","num":"0016"}
    ],
    "gender": "male",
    "occupation": "coder"
}